qid,n_tables,oracle_cost,pt_regret_lin,is_trivial_oracle,t3_idx_0.01,t3_regret_0.01,t3_q_0.01,t3_idx_0.05,t3_regret_0.05,t3_q_0.05,t3_idx_0.1,t3_regret_0.1,t3_q_0.1,t3_idx_0.2,t3_regret_0.2,t3_q_0.2
1200,4,17316689.0,1.3823876271966524,0,0,1.3823876271966524,5.893237590789795,3,1.0,2.1777548789978027,3,1.0,1.3467788696289062,3,1.0,0.6397113800048828
1201,4,78809.0,1.2124730364166985,0,3,1.0,5.893237590789795,3,1.0,2.1777548789978027,3,1.0,1.3467788696289062,3,1.0,0.6397113800048828
1202,2,19266.0,1.0,1,0,1.0,5.893237590789795,1,3.095136762339752,2.1777548789978027,0,1.0,1.3467788696289062,0,1.0,0.6397113800048828
1203,3,52094.0,1.0,1,0,3.210653613590556,5.893237590789795,3,1.0,2.1777548789978027,0,3.210653613590556,1.3467788696289062,3,1.0,0.6397113800048828
1204,3,824206.0,1.0,1,0,1.0,5.893237590789795,0,1.0,2.1777548789978027,0,1.0,1.3467788696289062,0,1.0,0.6397113800048828
1205,3,15929818.0,1.002374917128688,0,2,1.0105495862821794,5.893237590789795,1,1.0,2.1777548789978027,2,1.0105495862821794,1.3467788696289062,2,1.0105495862821794,0.6397113800048828
1206,3,544833.0,1.0,1,0,1.0,5.893237590789795,0,1.0,2.1777548789978027,0,1.0,1.3467788696289062,0,1.0,0.6397113800048828
1207,5,2587448.0,1.3121340749131674,0,2,1.0,5.893237590789795,2,1.0,2.1777548789978027,2,1.0,1.3467788696289062,2,1.0,0.6397113800048828
1208,5,24773.0,1.1777670138047953,0,0,1.0,5.893237590789795,0,1.0,2.1777548789978027,0,1.0,1.3467788696289062,0,1.0,0.6397113800048828
1209,2,133260.0,1.0,1,0,1.0,5.893237590789795,0,1.0,2.1777548789978027,0,1.0,1.3467788696289062,0,1.0,0.6397113800048828
1210,2,93309.0,1.0,1,0,1.0,5.893237590789795,0,1.0,2.1777548789978027,0,1.0,1.3467788696289062,0,1.0,0.6397113800048828
1211,3,87604.0,1.0,1,1,2.059414416985332,5.893237590789795,2,1.0,2.1777548789978027,2,1.0,1.3467788696289062,2,1.0,0.6397113800048828
1212,4,117011.0,1.0,1,4,1.0,5.893237590789795,4,1.0,2.1777548789978027,4,1.0,1.3467788696289062,4,1.0,0.6397113800048828
1213,3,614142.0,1.0,1,1,1.0,5.893237590789795,2,1.3564300171132782,2.1777548789978027,2,1.3564300171132782,1.3467788696289062,2,1.3564300171132782,0.6397113800048828
1214,4,281341.0,1.0,1,2,1.3112510752038444,5.893237590789795,4,1.020263593775547,2.1777548789978027,2,1.3112510752038444,1.3467788696289062,4,1.020263593775547,0.6397113800048828
1215,2,750700.0,1.0,1,0,1.0,5.893237590789795,0,1.0,2.1777548789978027,0,1.0,1.3467788696289062,0,1.0,0.6397113800048828
1216,5,1789202.0,1.0207684650651714,0,0,1.0207684650651714,5.893237590789795,0,1.0207684650651714,2.1777548789978027,0,1.0207684650651714,1.3467788696289062,0,1.0207684650651714,0.6397113800048828
1217,5,109476.0,1.0,1,5,1.0,5.893237590789795,5,1.0,2.1777548789978027,5,1.0,1.3467788696289062,5,1.0,0.6397113800048828
1218,5,85474.0,1.0,1,2,1.0,5.893237590789795,2,1.0,2.1777548789978027,2,1.0,1.3467788696289062,2,1.0,0.6397113800048828
1219,4,3720551.0,1.9981067325493636,0,3,1.0,5.893237590789795,3,1.0,2.1777548789978027,0,1.0177669872642554,1.3467788696289062,0,1.0177669872642554,0.6397113800048828
1220,4,660847.0,1.0,1,3,1.0,5.893237590789795,3,1.0,2.1777548789978027,3,1.0,1.3467788696289062,3,1.0,0.6397113800048828
1221,3,15299.0,1.0060130718954248,0,2,1.8451633986928104,5.893237590789795,0,1.0060130718954248,2.1777548789978027,2,1.8451633986928104,1.3467788696289062,2,1.8451633986928104,0.6397113800048828
1222,5,9098116.0,1.0,1,3,1.0,5.893237590789795,3,1.0,2.1777548789978027,3,1.0,1.3467788696289062,3,1.0,0.6397113800048828
1223,5,146445978.0,1.0,1,1,1.0,5.893237590789795,1,1.0,2.1777548789978027,1,1.0,1.3467788696289062,1,1.0,0.6397113800048828
1224,4,1794561.0,1.3146600674705025,0,5,1.0000183888882077,5.893237590789795,5,1.0000183888882077,2.1777548789978027,5,1.0000183888882077,1.3467788696289062,5,1.0000183888882077,0.6397113800048828
1225,2,25986.0,1.0,1,0,74.41074383345519,5.893237590789795,1,1.0,2.1777548789978027,1,1.0,1.3467788696289062,1,1.0,0.6397113800048828
1226,5,86410.0,1.0,1,0,1.0,5.893237590789795,0,1.0,2.1777548789978027,0,1.0,1.3467788696289062,0,1.0,0.6397113800048828
1227,3,510537.0,1.0,1,2,1.011194073702643,5.893237590789795,1,1.0,2.1777548789978027,1,1.0,1.3467788696289062,1,1.0,0.6397113800048828
1228,3,184857.0,1.3511938893637279,0,2,1.0,5.893237590789795,2,1.0,2.1777548789978027,1,1.2923000357030803,1.3467788696289062,1,1.2923000357030803,0.6397113800048828
1229,2,1482.0,49.75118004045853,0,0,49.75118004045853,5.893237590789795,0,49.75118004045853,2.1777548789978027,0,49.75118004045853,1.3467788696289062,0,49.75118004045853,0.6397113800048828
1230,4,1607057.0,1.0,1,4,1.0,5.893237590789795,4,1.0,2.1777548789978027,4,1.0,1.3467788696289062,4,1.0,0.6397113800048828
1231,5,2188246.0,1.5048840464536224,0,3,1.0,5.893237590789795,1,1.5048840464536224,2.1777548789978027,2,4.355160546318583,1.3467788696289062,2,4.355160546318583,0.6397113800048828
1232,3,4714.0,1.0,1,2,1.0,5.893237590789795,2,1.0,2.1777548789978027,2,1.0,1.3467788696289062,2,1.0,0.6397113800048828
1233,3,31827.0,1.1661115998491893,0,0,1.0,5.893237590789795,2,1.1661115998491893,2.1777548789978027,0,1.0,1.3467788696289062,2,1.1661115998491893,0.6397113800048828
1234,4,1057.0,4001.726843100189,0,5,4001.726843100189,5.893237590789795,5,4001.726843100189,2.1777548789978027,4,4063.5056710775048,1.3467788696289062,4,4063.5056710775048,0.6397113800048828
1235,2,439.0,1.0,1,0,9.595454545454546,5.893237590789795,1,1.0,2.1777548789978027,0,9.595454545454546,1.3467788696289062,1,1.0,0.6397113800048828
1236,3,18567.0,1.0,1,2,1.0,5.893237590789795,2,1.0,2.1777548789978027,2,1.0,1.3467788696289062,2,1.0,0.6397113800048828
1237,4,222128.0,1.0,1,4,1.0,5.893237590789795,4,1.0,2.1777548789978027,4,1.0,1.3467788696289062,4,1.0,0.6397113800048828
1238,2,4619.0,1.0,1,1,1.0,5.893237590789795,1,1.0,2.1777548789978027,1,1.0,1.3467788696289062,1,1.0,0.6397113800048828
1239,4,2680365.0,1.0,1,4,1.0,5.893237590789795,4,1.0,2.1777548789978027,4,1.0,1.3467788696289062,4,1.0,0.6397113800048828
1240,4,13762160.0,1.0,1,2,1.0,5.893237590789795,2,1.0,2.1777548789978027,2,1.0,1.3467788696289062,2,1.0,0.6397113800048828
1241,4,401.0,1.0,1,3,28.019900497512438,5.893237590789795,0,1.0,2.1777548789978027,2,14.676616915422885,1.3467788696289062,0,1.0,0.6397113800048828
1242,4,3060.0,65.83828814113035,0,3,65.83828814113035,5.893237590789795,3,65.83828814113035,2.1777548789978027,3,65.83828814113035,1.3467788696289062,3,65.83828814113035,0.6397113800048828
1243,4,56897.0,1.0,1,5,1.0,5.893237590789795,5,1.0,2.1777548789978027,5,1.0,1.3467788696289062,5,1.0,0.6397113800048828
1244,3,6683169.0,1.0043105292847556,0,2,1.0,5.893237590789795,2,1.0,2.1777548789978027,2,1.0,1.3467788696289062,2,1.0,0.6397113800048828
1245,4,36298.0,2.6783106972643873,0,0,1.0,5.893237590789795,0,1.0,2.1777548789978027,4,1.042893743629301,1.3467788696289062,4,1.042893743629301,0.6397113800048828
1246,4,462269.0,1.0,1,5,1.0001946914141087,5.893237590789795,3,1.0,2.1777548789978027,5,1.0001946914141087,1.3467788696289062,3,1.0,0.6397113800048828
1247,2,19458.0,1.2722133717046098,0,1,1.0,5.893237590789795,1,1.0,2.1777548789978027,1,1.0,1.3467788696289062,1,1.0,0.6397113800048828
1248,2,96560.0,1.627168318472261,0,0,1.0,5.893237590789795,0,1.0,2.1777548789978027,0,1.0,1.3467788696289062,0,1.0,0.6397113800048828
1249,3,295799.0,1.0,1,1,1.3381676808654497,5.893237590789795,2,1.0,2.1777548789978027,1,1.3381676808654497,1.3467788696289062,2,1.0,0.6397113800048828
1250,2,1018.0,1.0,1,0,1.0,5.893237590789795,0,1.0,2.1777548789978027,0,1.0,1.3467788696289062,0,1.0,0.6397113800048828
1251,2,501588.0,1.0,1,0,1.0,5.893237590789795,0,1.0,2.1777548789978027,0,1.0,1.3467788696289062,0,1.0,0.6397113800048828
1252,2,25980.0,1.0,1,0,1.0,5.893237590789795,0,1.0,2.1777548789978027,0,1.0,1.3467788696289062,0,1.0,0.6397113800048828
1253,5,135290.0,1.0,1,2,1.7479211477481873,5.893237590789795,4,1.4112986081853192,2.1777548789978027,2,1.7479211477481873,1.3467788696289062,2,1.7479211477481873,0.6397113800048828
1254,3,95022.0,1.0,1,1,1.0,5.893237590789795,1,1.0,2.1777548789978027,1,1.0,1.3467788696289062,1,1.0,0.6397113800048828
1255,5,4801779.0,1.0213647855586887,0,3,1.0213801965104607,5.893237590789795,1,1.0,2.1777548789978027,1,1.0,1.3467788696289062,1,1.0,0.6397113800048828
1256,3,7330132.0,1.0,1,0,1.0,5.893237590789795,0,1.0,2.1777548789978027,0,1.0,1.3467788696289062,0,1.0,0.6397113800048828
1257,3,575301.0,1.0,1,2,1.0,5.893237590789795,2,1.0,2.1777548789978027,2,1.0,1.3467788696289062,2,1.0,0.6397113800048828
1258,3,288070.0,1.0,1,2,1.0,5.893237590789795,2,1.0,2.1777548789978027,2,1.0,1.3467788696289062,2,1.0,0.6397113800048828
1259,3,18923.0,1.0,1,2,1.9063094483195941,5.893237590789795,0,1.0,2.1777548789978027,2,1.9063094483195941,1.3467788696289062,0,1.0,0.6397113800048828
1260,2,1668.0,1.0,1,1,1.0,5.893237590789795,1,1.0,2.1777548789978027,1,1.0,1.3467788696289062,1,1.0,0.6397113800048828
1261,4,96779.0,1.0,1,2,1.0,5.893237590789795,2,1.0,2.1777548789978027,2,1.0,1.3467788696289062,2,1.0,0.6397113800048828
1262,2,6163.0,1.0,1,0,1.0,5.893237590789795,0,1.0,2.1777548789978027,0,1.0,1.3467788696289062,0,1.0,0.6397113800048828
1263,4,17876.0,1.0,1,3,1.0,5.893237590789795,3,1.0,2.1777548789978027,3,1.0,1.3467788696289062,3,1.0,0.6397113800048828
1264,5,3015687.0,1.0104045909258517,0,5,1.0,5.893237590789795,3,1.0104045909258517,2.1777548789978027,4,1.0046304524871272,1.3467788696289062,4,1.0046304524871272,0.6397113800048828
1265,2,28338.0,1.0,1,0,1.1351847277603302,5.893237590789795,0,1.1351847277603302,2.1777548789978027,0,1.1351847277603302,1.3467788696289062,0,1.1351847277603302,0.6397113800048828
1266,4,5431.0,1.1456185567010309,0,5,1.1456185567010309,5.893237590789795,5,1.1456185567010309,2.1777548789978027,5,1.1456185567010309,1.3467788696289062,5,1.1456185567010309,0.6397113800048828
1267,3,411742.0,1.0,1,2,1.0,5.893237590789795,2,1.0,2.1777548789978027,2,1.0,1.3467788696289062,2,1.0,0.6397113800048828
1268,4,41432409.0,1.0,1,1,1.0,5.893237590789795,1,1.0,2.1777548789978027,1,1.0,1.3467788696289062,1,1.0,0.6397113800048828
1269,4,207863.0,1.0,1,4,1.0,5.893237590789795,4,1.0,2.1777548789978027,4,1.0,1.3467788696289062,4,1.0,0.6397113800048828
1270,4,156036.0,1.0,1,1,1.2398213244294622,5.893237590789795,5,1.0,2.1777548789978027,1,1.2398213244294622,1.3467788696289062,1,1.2398213244294622,0.6397113800048828
1271,5,37923.0,1.0,1,2,2.780455648138382,5.893237590789795,0,1.0,2.1777548789978027,0,1.0,1.3467788696289062,2,2.780455648138382,0.6397113800048828
1272,4,695895.0,1.0,1,4,1.0,5.893237590789795,4,1.0,2.1777548789978027,4,1.0,1.3467788696289062,4,1.0,0.6397113800048828
1273,2,275758.0,1.0,1,0,1.0,5.893237590789795,0,1.0,2.1777548789978027,0,1.0,1.3467788696289062,0,1.0,0.6397113800048828
1274,4,2769108.0,1.0,1,1,1.0,5.893237590789795,1,1.0,2.1777548789978027,1,1.0,1.3467788696289062,1,1.0,0.6397113800048828
1275,2,17160.0,1.0,1,0,1.0,5.893237590789795,0,1.0,2.1777548789978027,0,1.0,1.3467788696289062,0,1.0,0.6397113800048828
1276,5,59560.0,1.4674871140511407,0,5,3.338963415657897,5.893237590789795,0,1.2949245311529356,2.1777548789978027,5,3.338963415657897,1.3467788696289062,5,3.338963415657897,0.6397113800048828
1277,5,15329218.0,1.0000240064415544,1,4,1.0000240064415544,5.893237590789795,0,1.0942967805470063,2.1777548789978027,4,1.0000240064415544,1.3467788696289062,4,1.0000240064415544,0.6397113800048828
1278,3,70630.0,1.0,1,3,1.0,5.893237590789795,3,1.0,2.1777548789978027,3,1.0,1.3467788696289062,3,1.0,0.6397113800048828
1279,2,483505.0,1.0,1,0,1.0,5.893237590789795,0,1.0,2.1777548789978027,0,1.0,1.3467788696289062,0,1.0,0.6397113800048828
1280,2,76907.0,1.0,1,0,1.0,5.893237590789795,0,1.0,2.1777548789978027,0,1.0,1.3467788696289062,0,1.0,0.6397113800048828
1281,3,232592.0,1.0,1,2,1.0,5.893237590789795,1,1.0308994681697214,2.1777548789978027,1,1.0308994681697214,1.3467788696289062,1,1.0308994681697214,0.6397113800048828
1282,2,18207.0,1.0,1,1,1.0,5.893237590789795,1,1.0,2.1777548789978027,1,1.0,1.3467788696289062,1,1.0,0.6397113800048828
1283,2,55590.0,1.0,1,0,1.0,5.893237590789795,0,1.0,2.1777548789978027,0,1.0,1.3467788696289062,0,1.0,0.6397113800048828
1284,2,5593.0,1.0,1,1,1.7824454772971041,5.893237590789795,1,1.7824454772971041,2.1777548789978027,1,1.7824454772971041,1.3467788696289062,1,1.7824454772971041,0.6397113800048828
1285,3,178353.0,1.0,1,3,1.0,5.893237590789795,3,1.0,2.1777548789978027,3,1.0,1.3467788696289062,3,1.0,0.6397113800048828
1286,5,215767.0,1.4226808423862667,0,2,1.0,5.893237590789795,2,1.0,2.1777548789978027,2,1.0,1.3467788696289062,2,1.0,0.6397113800048828
1287,4,40.0,1.0,1,4,2439.8536585365855,5.893237590789795,5,439.8536585365854,2.1777548789978027,4,2439.8536585365855,1.3467788696289062,5,439.8536585365854,0.6397113800048828
1288,2,875901.0,1.0,1,0,1.0,5.893237590789795,0,1.0,2.1777548789978027,0,1.0,1.3467788696289062,0,1.0,0.6397113800048828
1289,5,494990.0,1.0,1,0,1.0,5.893237590789795,4,1.446749536860266,2.1777548789978027,4,1.446749536860266,1.3467788696289062,4,1.446749536860266,0.6397113800048828
1290,3,470.0,1.0,1,2,1.0,5.893237590789795,2,1.0,2.1777548789978027,2,1.0,1.3467788696289062,2,1.0,0.6397113800048828
1291,2,6575.0,1.0,1,1,1.0,5.893237590789795,1,1.0,2.1777548789978027,1,1.0,1.3467788696289062,1,1.0,0.6397113800048828
1292,2,368.0,1.0,1,1,1.0,5.893237590789795,1,1.0,2.1777548789978027,1,1.0,1.3467788696289062,1,1.0,0.6397113800048828
1293,2,3979.0,1.0,1,1,1.0,5.893237590789795,1,1.0,2.1777548789978027,1,1.0,1.3467788696289062,1,1.0,0.6397113800048828
1294,3,58070.0,1.0059754438532142,0,2,1.0059754438532142,5.893237590789795,0,1.5296791858242496,2.1777548789978027,2,1.0059754438532142,1.3467788696289062,1,1.0,0.6397113800048828
1295,3,344265.0,1.0,1,2,1.4010387316784114,5.893237590789795,1,1.0,2.1777548789978027,2,1.4010387316784114,1.3467788696289062,2,1.4010387316784114,0.6397113800048828
1296,2,2750955.0,1.0,1,0,1.0,5.893237590789795,0,1.0,2.1777548789978027,0,1.0,1.3467788696289062,0,1.0,0.6397113800048828
1297,4,108339862.0,1.0,1,5,1.0,5.893237590789795,5,1.0,2.1777548789978027,5,1.0,1.3467788696289062,4,1.0006075141520163,0.6397113800048828
1298,3,3342.0,1.3314388274005384,0,1,1.3314388274005384,5.893237590789795,1,1.3314388274005384,2.1777548789978027,1,1.3314388274005384,1.3467788696289062,1,1.3314388274005384,0.6397113800048828
1299,4,581727.0,1.0471526211562792,0,4,1.0,5.893237590789795,1,1.0471526211562792,2.1777548789978027,4,1.0,1.3467788696289062,4,1.0,0.6397113800048828
1300,3,79476.0,1.0,1,2,1.5821180970595266,5.893237590789795,2,1.5821180970595266,2.1777548789978027,2,1.5821180970595266,1.3467788696289062,2,1.5821180970595266,0.6397113800048828
1301,2,300521.0,1.0,1,0,1.0,5.893237590789795,0,1.0,2.1777548789978027,0,1.0,1.3467788696289062,0,1.0,0.6397113800048828
1302,3,99779.0,1.0,1,1,1.0,5.893237590789795,1,1.0,2.1777548789978027,1,1.0,1.3467788696289062,1,1.0,0.6397113800048828
1303,5,5536978.0,1.0,1,0,1.0,5.893237590789795,0,1.0,2.1777548789978027,0,1.0,1.3467788696289062,0,1.0,0.6397113800048828
1304,5,3553621.0,1.0,1,5,1.1150333378170216,5.893237590789795,2,1.0,2.1777548789978027,2,1.0,1.3467788696289062,2,1.0,0.6397113800048828
1305,5,358135315.0,1.0,1,0,1.0,5.893237590789795,0,1.0,2.1777548789978027,0,1.0,1.3467788696289062,0,1.0,0.6397113800048828
1306,4,5029150.0,1.0000206794347595,1,4,1.3674801174194213,5.893237590789795,3,1.0000206794347595,2.1777548789978027,5,1.0,1.3467788696289062,3,1.0000206794347595,0.6397113800048828
1307,3,176772.0,1.0,1,0,1.0,5.893237590789795,0,1.0,2.1777548789978027,0,1.0,1.3467788696289062,0,1.0,0.6397113800048828
1308,5,1296043.0,1.0,1,4,1.0,5.893237590789795,4,1.0,2.1777548789978027,4,1.0,1.3467788696289062,4,1.0,0.6397113800048828
1309,2,16648.0,1.0,1,0,1.0,5.893237590789795,0,1.0,2.1777548789978027,0,1.0,1.3467788696289062,0,1.0,0.6397113800048828
1310,5,46366.0,1.5401255203053896,0,0,1.1212500269588286,5.893237590789795,0,1.1212500269588286,2.1777548789978027,0,1.1212500269588286,1.3467788696289062,0,1.1212500269588286,0.6397113800048828
1311,4,392626.0,1.0,1,3,1.0,5.893237590789795,3,1.0,2.1777548789978027,3,1.0,1.3467788696289062,3,1.0,0.6397113800048828
1312,2,25443.0,1.0,1,0,1.0,5.893237590789795,0,1.0,2.1777548789978027,0,1.0,1.3467788696289062,0,1.0,0.6397113800048828
1313,2,58487.0,1.0,1,0,1.0,5.893237590789795,0,1.0,2.1777548789978027,0,1.0,1.3467788696289062,0,1.0,0.6397113800048828
1314,3,65223.0,1.6917699006500675,0,2,1.6917699006500675,5.893237590789795,2,1.6917699006500675,2.1777548789978027,2,1.6917699006500675,1.3467788696289062,2,1.6917699006500675,0.6397113800048828
1315,2,544449.0,1.0,1,0,1.0,5.893237590789795,0,1.0,2.1777548789978027,0,1.0,1.3467788696289062,0,1.0,0.6397113800048828
1316,5,15720.0,1.0,1,4,1.0,5.893237590789795,4,1.0,2.1777548789978027,4,1.0,1.3467788696289062,4,1.0,0.6397113800048828
1317,2,6656.0,1.0,1,0,1.0,5.893237590789795,0,1.0,2.1777548789978027,0,1.0,1.3467788696289062,0,1.0,0.6397113800048828
1318,5,1736160.0,1.3283197814027616,0,3,1.0,5.893237590789795,3,1.0,2.1777548789978027,4,1.3283197814027616,1.3467788696289062,3,1.0,0.6397113800048828
1319,3,55996.0,1.0,1,1,1.0,5.893237590789795,1,1.0,2.1777548789978027,1,1.0,1.3467788696289062,1,1.0,0.6397113800048828
1320,4,23949.0,1.0,1,4,1.0,5.893237590789795,4,1.0,2.1777548789978027,4,1.0,1.3467788696289062,4,1.0,0.6397113800048828
1321,5,1038725.0,1.0002079470428198,1,0,1.0002079470428198,5.893237590789795,0,1.0002079470428198,2.1777548789978027,0,1.0002079470428198,1.3467788696289062,0,1.0002079470428198,0.6397113800048828
1322,2,0.0,1.0,1,0,1.0,5.893237590789795,0,1.0,2.1777548789978027,0,1.0,1.3467788696289062,0,1.0,0.6397113800048828
1323,4,75193.0,1.0000664946671276,1,5,1.0,5.893237590789795,5,1.0,2.1777548789978027,5,1.0,1.3467788696289062,3,1.0000664946671276,0.6397113800048828
1324,4,1392.0,1.0,1,2,5282.37688442211,5.893237590789795,4,3955.518305814788,2.1777548789978027,4,3955.518305814788,1.3467788696289062,4,3955.518305814788,0.6397113800048828
1325,3,277439.0,1.0,1,0,1.0,5.893237590789795,0,1.0,2.1777548789978027,0,1.0,1.3467788696289062,0,1.0,0.6397113800048828
1326,5,26082262.0,1.0,1,4,1.0001487600980021,5.893237590789795,4,1.0001487600980021,2.1777548789978027,2,1.0,1.3467788696289062,4,1.0001487600980021,0.6397113800048828
1327,3,5772.0,1.0,1,0,1.0,5.893237590789795,0,1.0,2.1777548789978027,0,1.0,1.3467788696289062,0,1.0,0.6397113800048828
1328,2,8579.0,1.0,1,0,1.0,5.893237590789795,0,1.0,2.1777548789978027,0,1.0,1.3467788696289062,0,1.0,0.6397113800048828
1329,4,1111284.0,1.0,1,3,1.0,5.893237590789795,3,1.0,2.1777548789978027,3,1.0,1.3467788696289062,3,1.0,0.6397113800048828
1330,4,1278603.0,1.0,1,4,1.0,5.893237590789795,4,1.0,2.1777548789978027,4,1.0,1.3467788696289062,4,1.0,0.6397113800048828
1331,5,3204837.0,1.0,1,3,1.0,5.893237590789795,3,1.0,2.1777548789978027,3,1.0,1.3467788696289062,3,1.0,0.6397113800048828
1332,2,119248.0,1.0,1,0,1.0,5.893237590789795,0,1.0,2.1777548789978027,0,1.0,1.3467788696289062,0,1.0,0.6397113800048828
1333,5,118662.0,1.0,1,0,1.0,5.893237590789795,5,5.331029891373048,2.1777548789978027,5,5.331029891373048,1.3467788696289062,5,5.331029891373048,0.6397113800048828
1334,3,7108.0,1.0,1,1,1.3336615557743705,5.893237590789795,3,1.0,2.1777548789978027,1,1.3336615557743705,1.3467788696289062,3,1.0,0.6397113800048828
1335,4,347827.0,1.0,1,3,1.035687178720517,5.893237590789795,3,1.035687178720517,2.1777548789978027,3,1.035687178720517,1.3467788696289062,3,1.035687178720517,0.6397113800048828
1336,5,3009766.0,1.0,1,0,1.0,5.893237590789795,2,1.0631945928040276,2.1777548789978027,0,1.0,1.3467788696289062,2,1.0631945928040276,0.6397113800048828
1337,3,29079.0,2.770735900962861,0,1,1.0,5.893237590789795,3,2.770735900962861,2.1777548789978027,1,1.0,1.3467788696289062,3,2.770735900962861,0.6397113800048828
1338,3,11104.0,1.0,1,1,1.0,5.893237590789795,1,1.0,2.1777548789978027,1,1.0,1.3467788696289062,1,1.0,0.6397113800048828
1339,4,747070.0,1.0,1,3,1.0,5.893237590789795,3,1.0,2.1777548789978027,3,1.0,1.3467788696289062,3,1.0,0.6397113800048828
1340,2,138469.0,1.0,1,0,1.0,5.893237590789795,0,1.0,2.1777548789978027,0,1.0,1.3467788696289062,0,1.0,0.6397113800048828
1341,2,3502.0,5.63859548958036,0,0,5.63859548958036,5.893237590789795,0,5.63859548958036,2.1777548789978027,0,5.63859548958036,1.3467788696289062,0,5.63859548958036,0.6397113800048828
1342,2,257177.0,1.0,1,0,1.0,5.893237590789795,0,1.0,2.1777548789978027,0,1.0,1.3467788696289062,0,1.0,0.6397113800048828
1343,4,2261917.0,1.026121636593369,0,3,1.014851997287258,5.893237590789795,3,1.014851997287258,2.1777548789978027,3,1.014851997287258,1.3467788696289062,4,1.0,0.6397113800048828
1344,3,253744.0,1.0,1,2,1.0485645037340636,5.893237590789795,2,1.0485645037340636,2.1777548789978027,2,1.0485645037340636,1.3467788696289062,2,1.0485645037340636,0.6397113800048828
1345,3,45000.0,1.0,1,0,1.0,5.893237590789795,0,1.0,2.1777548789978027,0,1.0,1.3467788696289062,0,1.0,0.6397113800048828
1346,2,856.0,1.0,1,1,1.0,5.893237590789795,1,1.0,2.1777548789978027,1,1.0,1.3467788696289062,1,1.0,0.6397113800048828
1347,5,2658.0,1.0,1,5,1.0,5.893237590789795,5,1.0,2.1777548789978027,5,1.0,1.3467788696289062,5,1.0,0.6397113800048828
1348,3,48474.0,1.0,1,3,1.0,5.893237590789795,3,1.0,2.1777548789978027,3,1.0,1.3467788696289062,3,1.0,0.6397113800048828
1349,5,2307720.0,1.0,1,5,1.0,5.893237590789795,2,1.0037556533047105,2.1777548789978027,2,1.0037556533047105,1.3467788696289062,5,1.0,0.6397113800048828
1350,4,13231.0,14.838346432889963,0,4,8.317261185006046,5.893237590789795,0,14.838346432889963,2.1777548789978027,0,14.838346432889963,1.3467788696289062,0,14.838346432889963,0.6397113800048828
1351,2,2332960.0,1.0,1,0,1.0,5.893237590789795,0,1.0,2.1777548789978027,0,1.0,1.3467788696289062,0,1.0,0.6397113800048828
1352,5,11105.0,54.140014406627046,0,4,54.140014406627046,5.893237590789795,1,54.32018728615163,2.1777548789978027,1,54.32018728615163,1.3467788696289062,4,54.140014406627046,0.6397113800048828
1353,3,212684.0,1.0,1,2,1.0,5.893237590789795,2,1.0,2.1777548789978027,2,1.0,1.3467788696289062,2,1.0,0.6397113800048828
1354,4,34609.0,1.0,1,5,1.0,5.893237590789795,5,1.0,2.1777548789978027,5,1.0,1.3467788696289062,5,1.0,0.6397113800048828
1355,4,689626.0,1.2477266696344547,0,4,1.0726943695649966,5.893237590789795,3,1.0,2.1777548789978027,3,1.0,1.3467788696289062,3,1.0,0.6397113800048828
1356,2,348381.0,1.0,1,0,1.0,5.893237590789795,0,1.0,2.1777548789978027,0,1.0,1.3467788696289062,0,1.0,0.6397113800048828
1357,4,133232.0,1.0002551920320042,1,5,1.0002551920320042,5.893237590789795,3,1.0,2.1777548789978027,5,1.0002551920320042,1.3467788696289062,5,1.0002551920320042,0.6397113800048828
1358,4,2761672.0,1.0,1,4,1.0,5.893237590789795,4,1.0,2.1777548789978027,4,1.0,1.3467788696289062,4,1.0,0.6397113800048828
1359,2,1972.0,1.329954384186518,0,0,1.329954384186518,5.893237590789795,0,1.329954384186518,2.1777548789978027,0,1.329954384186518,1.3467788696289062,0,1.329954384186518,0.6397113800048828
1360,2,126.0,1.0,1,0,787.8818897637796,5.893237590789795,0,787.8818897637796,2.1777548789978027,0,787.8818897637796,1.3467788696289062,0,787.8818897637796,0.6397113800048828
1361,2,0.0,5125.0,0,0,1.0,5.893237590789795,0,1.0,2.1777548789978027,0,1.0,1.3467788696289062,0,1.0,0.6397113800048828
1362,3,45465.0,1.0,1,0,1.0,5.893237590789795,0,1.0,2.1777548789978027,0,1.0,1.3467788696289062,0,1.0,0.6397113800048828
1363,2,13470.0,1.0,1,0,1.0,5.893237590789795,0,1.0,2.1777548789978027,0,1.0,1.3467788696289062,0,1.0,0.6397113800048828
1364,2,33335.0,1.0,1,0,1.0,5.893237590789795,0,1.0,2.1777548789978027,0,1.0,1.3467788696289062,0,1.0,0.6397113800048828
1365,2,759510.0,1.0,1,0,1.0,5.893237590789795,0,1.0,2.1777548789978027,0,1.0,1.3467788696289062,0,1.0,0.6397113800048828
1366,4,279686.0,1.0,1,4,1.0,5.893237590789795,4,1.0,2.1777548789978027,4,1.0,1.3467788696289062,4,1.0,0.6397113800048828
1367,2,1645294.0,1.0,1,0,1.0,5.893237590789795,0,1.0,2.1777548789978027,0,1.0,1.3467788696289062,0,1.0,0.6397113800048828
1368,2,25036.0,1.0,1,0,1.0,5.893237590789795,1,2.4970643447697407,2.1777548789978027,0,1.0,1.3467788696289062,0,1.0,0.6397113800048828
1369,5,2798.0,1.0,1,0,1.0,5.893237590789795,0,1.0,2.1777548789978027,0,1.0,1.3467788696289062,0,1.0,0.6397113800048828
1370,3,49379.0,1.0067233697853382,0,1,1.0,5.893237590789795,2,1.0067233697853382,2.1777548789978027,2,1.0067233697853382,1.3467788696289062,1,1.0,0.6397113800048828
1371,3,845685.0,1.5813434300674245,0,2,1.5813434300674245,5.893237590789795,2,1.5813434300674245,2.1777548789978027,2,1.5813434300674245,1.3467788696289062,2,1.5813434300674245,0.6397113800048828
1372,2,2930.0,1.2541794609348345,0,0,1.2541794609348345,5.893237590789795,0,1.2541794609348345,2.1777548789978027,0,1.2541794609348345,1.3467788696289062,0,1.2541794609348345,0.6397113800048828
1373,2,252.0,1.0,1,1,1.0,5.893237590789795,1,1.0,2.1777548789978027,0,289.2332015810277,1.3467788696289062,0,289.2332015810277,0.6397113800048828
1374,5,11502135.0,1.0,1,2,1.0,5.893237590789795,1,1.0619528407593164,2.1777548789978027,1,1.0619528407593164,1.3467788696289062,1,1.0619528407593164,0.6397113800048828
1375,4,2853339.0,1.0,1,3,1.0,5.893237590789795,3,1.0,2.1777548789978027,3,1.0,1.3467788696289062,3,1.0,0.6397113800048828
1376,4,50862.0,1.0,1,2,1.0,5.893237590789795,2,1.0,2.1777548789978027,2,1.0,1.3467788696289062,2,1.0,0.6397113800048828
1377,4,463760.0,1.0,1,4,1.0,5.893237590789795,4,1.0,2.1777548789978027,4,1.0,1.3467788696289062,4,1.0,0.6397113800048828
1378,3,4531.0,1.0,1,3,43.39541041482789,5.893237590789795,3,43.39541041482789,2.1777548789978027,3,43.39541041482789,1.3467788696289062,3,43.39541041482789,0.6397113800048828
1379,5,3264916.0,1.7549233257690777,0,2,1.7549233257690777,5.893237590789795,0,1.0,2.1777548789978027,0,1.0,1.3467788696289062,0,1.0,0.6397113800048828
1380,3,38138.0,1.0,1,2,1.0,5.893237590789795,2,1.0,2.1777548789978027,2,1.0,1.3467788696289062,2,1.0,0.6397113800048828
1381,5,4515926.0,1.0,1,0,1.0,5.893237590789795,2,1.4389574942199022,2.1777548789978027,0,1.0,1.3467788696289062,0,1.0,0.6397113800048828
1382,3,1471152.0,1.0,1,1,1.0,5.893237590789795,1,1.0,2.1777548789978027,1,1.0,1.3467788696289062,1,1.0,0.6397113800048828
1383,5,1717104.0,1.0210359878982358,0,0,1.0210878193238038,5.893237590789795,0,1.0210878193238038,2.1777548789978027,0,1.0210878193238038,1.3467788696289062,0,1.0210878193238038,0.6397113800048828
1384,4,820511.0,1.0077207889707889,0,3,1.0077207889707889,5.893237590789795,3,1.0077207889707889,2.1777548789978027,3,1.0077207889707889,1.3467788696289062,3,1.0077207889707889,0.6397113800048828
1385,5,8531723.0,1.0,1,0,1.0,5.893237590789795,0,1.0,2.1777548789978027,0,1.0,1.3467788696289062,0,1.0,0.6397113800048828
1386,3,976.0,1.0,1,3,1.0,5.893237590789795,3,1.0,2.1777548789978027,3,1.0,1.3467788696289062,3,1.0,0.6397113800048828
1387,5,542349.0,1.0,1,0,1.0,5.893237590789795,0,1.0,2.1777548789978027,0,1.0,1.3467788696289062,0,1.0,0.6397113800048828
1388,3,1471251.0,1.0,1,2,1.0,5.893237590789795,2,1.0,2.1777548789978027,2,1.0,1.3467788696289062,2,1.0,0.6397113800048828
1389,4,49183206.0,1.0,1,4,1.0,5.893237590789795,4,1.0,2.1777548789978027,4,1.0,1.3467788696289062,4,1.0,0.6397113800048828
1390,3,280536.0,1.0,1,2,1.024830949215255,5.893237590789795,2,1.024830949215255,2.1777548789978027,2,1.024830949215255,1.3467788696289062,2,1.024830949215255,0.6397113800048828
1391,2,51854.0,1.0,1,1,1.0,5.893237590789795,1,1.0,2.1777548789978027,1,1.0,1.3467788696289062,1,1.0,0.6397113800048828
1392,2,2656854.0,1.0,1,0,1.0,5.893237590789795,0,1.0,2.1777548789978027,0,1.0,1.3467788696289062,0,1.0,0.6397113800048828
1393,2,699.0,1.0,1,0,1.0,5.893237590789795,0,1.0,2.1777548789978027,0,1.0,1.3467788696289062,0,1.0,0.6397113800048828
1394,3,25175.0,1.0,1,0,1.0,5.893237590789795,0,1.0,2.1777548789978027,0,1.0,1.3467788696289062,0,1.0,0.6397113800048828
1395,2,22378.0,1.0,1,0,1.0,5.893237590789795,1,2.734259797131239,2.1777548789978027,0,1.0,1.3467788696289062,0,1.0,0.6397113800048828
1396,5,1746960.0,1.0,1,3,1.0,5.893237590789795,3,1.0,2.1777548789978027,3,1.0,1.3467788696289062,3,1.0,0.6397113800048828
1397,2,5328.0,3.877838243572903,0,0,3.877838243572903,5.893237590789795,0,3.877838243572903,2.1777548789978027,0,3.877838243572903,1.3467788696289062,0,3.877838243572903,0.6397113800048828
1398,4,374683.0,1.0,1,3,1.0,5.893237590789795,3,1.0,2.1777548789978027,3,1.0,1.3467788696289062,3,1.0,0.6397113800048828
1399,5,102556.0,1.0,1,5,1.0,5.893237590789795,5,1.0,2.1777548789978027,5,1.0,1.3467788696289062,5,1.0,0.6397113800048828
1400,3,28706.0,1.006548925349218,0,1,1.0,5.893237590789795,2,1.006548925349218,2.1777548789978027,2,1.006548925349218,1.3467788696289062,1,1.0,0.6397113800048828
1401,4,791573.0,1.0,1,4,1.0,5.893237590789795,4,1.0,2.1777548789978027,4,1.0,1.3467788696289062,4,1.0,0.6397113800048828
1402,5,17574790.0,1.0420262750208522,0,3,1.0420262750208522,5.893237590789795,3,1.0420262750208522,2.1777548789978027,3,1.0420262750208522,1.3467788696289062,3,1.0420262750208522,0.6397113800048828
1403,3,11876.0,1.0,1,3,1.0,5.893237590789795,3,1.0,2.1777548789978027,3,1.0,1.3467788696289062,3,1.0,0.6397113800048828
1404,3,34528.0,1.0,1,3,1.0,5.893237590789795,3,1.0,2.1777548789978027,3,1.0,1.3467788696289062,3,1.0,0.6397113800048828
1405,5,3437081.0,1.0,1,1,1.0,5.893237590789795,1,1.0,2.1777548789978027,1,1.0,1.3467788696289062,1,1.0,0.6397113800048828
1406,5,6731.0,1.0,1,3,3.2116755793226384,5.893237590789795,0,1.6393345216874629,2.1777548789978027,0,1.6393345216874629,1.3467788696289062,2,1.0,0.6397113800048828
1407,4,3741606.0,1.0,1,3,1.0,5.893237590789795,3,1.0,2.1777548789978027,3,1.0,1.3467788696289062,3,1.0,0.6397113800048828
1408,4,4168668.0,1.0,1,3,1.0,5.893237590789795,3,1.0,2.1777548789978027,3,1.0,1.3467788696289062,3,1.0,0.6397113800048828
1409,5,124462.0,1.0,1,5,1.0,5.893237590789795,5,1.0,2.1777548789978027,5,1.0,1.3467788696289062,5,1.0,0.6397113800048828
1410,4,148000406.0,1.0,1,2,1.0,5.893237590789795,2,1.0,2.1777548789978027,2,1.0,1.3467788696289062,2,1.0,0.6397113800048828
1411,2,2750955.0,1.0,1,0,1.0,5.893237590789795,0,1.0,2.1777548789978027,0,1.0,1.3467788696289062,0,1.0,0.6397113800048828
1412,3,4307.0,17.954735376044567,0,2,1.0,5.893237590789795,1,17.954735376044567,2.1777548789978027,1,17.954735376044567,1.3467788696289062,1,17.954735376044567,0.6397113800048828
1413,3,3602.0,1.0,1,2,1.0,5.893237590789795,2,1.0,2.1777548789978027,2,1.0,1.3467788696289062,2,1.0,0.6397113800048828
1414,5,175195.0,1.0,1,5,1.0,5.893237590789795,5,1.0,2.1777548789978027,4,1.000068494714491,1.3467788696289062,3,1.2098335578437864,0.6397113800048828
1415,3,114557.0,1.0629026344733672,0,1,1.0629026344733672,5.893237590789795,1,1.0629026344733672,2.1777548789978027,1,1.0629026344733672,1.3467788696289062,1,1.0629026344733672,0.6397113800048828
1416,2,1101015.0,1.0,1,0,1.0,5.893237590789795,0,1.0,2.1777548789978027,0,1.0,1.3467788696289062,0,1.0,0.6397113800048828
1417,5,1816.0,1.0,1,2,56.20473307649972,5.893237590789795,1,1.0,2.1777548789978027,2,56.20473307649972,1.3467788696289062,2,56.20473307649972,0.6397113800048828
1418,3,90566.0,1.0,1,2,1.1939448143363476,5.893237590789795,2,1.1939448143363476,2.1777548789978027,2,1.1939448143363476,1.3467788696289062,2,1.1939448143363476,0.6397113800048828
1419,4,22819.0,1.0958369851007888,0,0,1.1917177914110428,5.893237590789795,0,1.1917177914110428,2.1777548789978027,4,1.0,1.3467788696289062,4,1.0,0.6397113800048828
1420,2,4051.0,1.0,1,0,2.1791707798617965,5.893237590789795,0,2.1791707798617965,2.1777548789978027,0,2.1791707798617965,1.3467788696289062,0,2.1791707798617965,0.6397113800048828
1421,2,404930.0,1.0,1,0,1.0,5.893237590789795,0,1.0,2.1777548789978027,0,1.0,1.3467788696289062,0,1.0,0.6397113800048828
1422,5,380955376.0,1.0,1,2,1.0,5.893237590789795,2,1.0,2.1777548789978027,2,1.0,1.3467788696289062,2,1.0,0.6397113800048828
1423,5,256523.0,1.0,1,2,1.0,5.893237590789795,2,1.0,2.1777548789978027,2,1.0,1.3467788696289062,2,1.0,0.6397113800048828
1424,5,4939.0,1.0,1,2,1.0,5.893237590789795,2,1.0,2.1777548789978027,2,1.0,1.3467788696289062,2,1.0,0.6397113800048828
1425,4,12571178.0,1.0,1,2,1.0,5.893237590789795,2,1.0,2.1777548789978027,2,1.0,1.3467788696289062,2,1.0,0.6397113800048828
1426,3,244452.0,1.0,1,2,1.0,5.893237590789795,2,1.0,2.1777548789978027,2,1.0,1.3467788696289062,2,1.0,0.6397113800048828
1427,5,2219508.0,1.0,1,4,1.0,5.893237590789795,4,1.0,2.1777548789978027,4,1.0,1.3467788696289062,0,1.0000081099017846,0.6397113800048828
1428,5,651617.0,1.7094678170339064,0,1,1.7094678170339064,5.893237590789795,1,1.7094678170339064,2.1777548789978027,1,1.7094678170339064,1.3467788696289062,1,1.7094678170339064,0.6397113800048828
1429,5,561059.0,1.0383862688482515,0,2,1.0383862688482515,5.893237590789795,2,1.0383862688482515,2.1777548789978027,2,1.0383862688482515,1.3467788696289062,2,1.0383862688482515,0.6397113800048828
1430,5,12153.0,1.0,1,0,1.0,5.893237590789795,0,1.0,2.1777548789978027,0,1.0,1.3467788696289062,0,1.0,0.6397113800048828
1431,3,56500.0,1.172899594697439,0,3,1.0,5.893237590789795,3,1.0,2.1777548789978027,3,1.0,1.3467788696289062,2,1.172899594697439,0.6397113800048828
1432,4,264506.0,1.0,1,3,1.0,5.893237590789795,3,1.0,2.1777548789978027,3,1.0,1.3467788696289062,3,1.0,0.6397113800048828
1433,5,5841904.0,1.0,1,5,1.0,5.893237590789795,5,1.0,2.1777548789978027,5,1.0,1.3467788696289062,5,1.0,0.6397113800048828
1434,4,1433812.0,1.0,1,4,1.0,5.893237590789795,4,1.0,2.1777548789978027,4,1.0,1.3467788696289062,4,1.0,0.6397113800048828
1435,5,107973.0,1.0,1,2,1.0,5.893237590789795,2,1.0,2.1777548789978027,2,1.0,1.3467788696289062,2,1.0,0.6397113800048828
1436,5,2178793.0,1.0,1,1,1.0,5.893237590789795,1,1.0,2.1777548789978027,1,1.0,1.3467788696289062,1,1.0,0.6397113800048828
1437,2,863341.0,1.0,1,0,1.0,5.893237590789795,0,1.0,2.1777548789978027,0,1.0,1.3467788696289062,0,1.0,0.6397113800048828
1438,4,5014626.0,1.0,1,4,1.0,5.893237590789795,4,1.0,2.1777548789978027,4,1.0,1.3467788696289062,4,1.0,0.6397113800048828
1439,5,8722863.0,1.0,1,3,1.0,5.893237590789795,3,1.0,2.1777548789978027,3,1.0,1.3467788696289062,3,1.0,0.6397113800048828
1440,5,352006.0,1.0,1,0,1.0,5.893237590789795,0,1.0,2.1777548789978027,0,1.0,1.3467788696289062,2,1.087145994255796,0.6397113800048828
1441,3,3.0,1.0,1,3,1.0,5.893237590789795,0,1.0,2.1777548789978027,0,1.0,1.3467788696289062,0,1.0,0.6397113800048828
1442,3,5436979.0,1.0,1,2,1.0,5.893237590789795,2,1.0,2.1777548789978027,1,1.0133618295450784,1.3467788696289062,1,1.0133618295450784,0.6397113800048828
1443,2,34026.0,1.0,1,1,1.0,5.893237590789795,1,1.0,2.1777548789978027,1,1.0,1.3467788696289062,1,1.0,0.6397113800048828
1444,2,146456.0,1.011887448192985,0,1,1.011887448192985,5.893237590789795,1,1.011887448192985,2.1777548789978027,0,1.0,1.3467788696289062,0,1.0,0.6397113800048828
1445,4,520483.0,1.0,1,5,1.0111511593055695,5.893237590789795,5,1.0111511593055695,2.1777548789978027,5,1.0111511593055695,1.3467788696289062,5,1.0111511593055695,0.6397113800048828
1446,4,1155204.0,1.0,1,4,1.0,5.893237590789795,4,1.0,2.1777548789978027,4,1.0,1.3467788696289062,4,1.0,0.6397113800048828
1447,5,173412.0,6.250661715096331,0,2,1.0,5.893237590789795,2,1.0,2.1777548789978027,2,1.0,1.3467788696289062,2,1.0,0.6397113800048828
1448,5,28349356.0,1.0,1,0,1.0,5.893237590789795,0,1.0,2.1777548789978027,0,1.0,1.3467788696289062,0,1.0,0.6397113800048828
1449,2,0.0,1.0,1,0,1.0,5.893237590789795,0,1.0,2.1777548789978027,0,1.0,1.3467788696289062,0,1.0,0.6397113800048828
1450,5,2009848.0,1.0,1,2,1.0,5.893237590789795,2,1.0,2.1777548789978027,2,1.0,1.3467788696289062,2,1.0,0.6397113800048828
1451,3,11025.0,1.0,1,2,32.79140214039543,5.893237590789795,1,7.618810085253038,2.1777548789978027,2,32.79140214039543,1.3467788696289062,2,32.79140214039543,0.6397113800048828
1452,2,46724.0,1.0,1,0,1.0,5.893237590789795,0,1.0,2.1777548789978027,0,1.0,1.3467788696289062,0,1.0,0.6397113800048828
1453,4,5303638.0,1.0,1,2,1.0,5.893237590789795,2,1.0,2.1777548789978027,2,1.0,1.3467788696289062,2,1.0,0.6397113800048828
1454,3,1071169.0,1.0,1,1,1.0,5.893237590789795,1,1.0,2.1777548789978027,1,1.0,1.3467788696289062,1,1.0,0.6397113800048828
1455,5,24121.0,1.0,1,1,21.125611475002074,5.893237590789795,0,4.641033081834011,2.1777548789978027,0,4.641033081834011,1.3467788696289062,0,4.641033081834011,0.6397113800048828
1456,3,302858.0,1.0,1,1,1.0,5.893237590789795,1,1.0,2.1777548789978027,1,1.0,1.3467788696289062,1,1.0,0.6397113800048828
1457,5,480501.0,1.0,1,5,1.0,5.893237590789795,5,1.0,2.1777548789978027,5,1.0,1.3467788696289062,5,1.0,0.6397113800048828
1458,3,1182242.0,1.0,1,1,1.0273361736969473,5.893237590789795,2,1.0,2.1777548789978027,2,1.0,1.3467788696289062,2,1.0,0.6397113800048828
1459,3,60098.0,1.1099519126774156,0,2,1.0,5.893237590789795,2,1.0,2.1777548789978027,2,1.0,1.3467788696289062,2,1.0,0.6397113800048828
1460,2,111094.0,1.0,1,0,1.0,5.893237590789795,0,1.0,2.1777548789978027,0,1.0,1.3467788696289062,0,1.0,0.6397113800048828
1461,2,1333478.0,1.0,1,0,1.0,5.893237590789795,0,1.0,2.1777548789978027,0,1.0,1.3467788696289062,0,1.0,0.6397113800048828
1462,5,66028830.0,1.0,1,5,1.0,5.893237590789795,5,1.0,2.1777548789978027,5,1.0,1.3467788696289062,5,1.0,0.6397113800048828
1463,5,500642.0,1.0,1,5,1.0,5.893237590789795,5,1.0,2.1777548789978027,5,1.0,1.3467788696289062,5,1.0,0.6397113800048828
1464,3,219737.0,1.0,1,2,1.0,5.893237590789795,2,1.0,2.1777548789978027,2,1.0,1.3467788696289062,2,1.0,0.6397113800048828
1465,2,17754.0,1.5138270909602929,0,0,1.5138270909602929,5.893237590789795,0,1.5138270909602929,2.1777548789978027,0,1.5138270909602929,1.3467788696289062,0,1.5138270909602929,0.6397113800048828
1466,4,145238.0,1.0,1,3,1.5566755485785497,5.893237590789795,3,1.5566755485785497,2.1777548789978027,3,1.5566755485785497,1.3467788696289062,2,1.0,0.6397113800048828
1467,3,2663.0,1.0,1,2,4.36936936936937,5.893237590789795,1,1.0,2.1777548789978027,1,1.0,1.3467788696289062,1,1.0,0.6397113800048828
1468,4,4162018.0,1.0,1,3,1.0,5.893237590789795,2,1.0029291072433835,2.1777548789978027,3,1.0,1.3467788696289062,3,1.0,0.6397113800048828
1469,2,12090.0,1.0,1,1,1.0,5.893237590789795,1,1.0,2.1777548789978027,1,1.0,1.3467788696289062,1,1.0,0.6397113800048828
1470,3,1828033.0,1.0,1,0,1.0,5.893237590789795,0,1.0,2.1777548789978027,0,1.0,1.3467788696289062,0,1.0,0.6397113800048828
1471,4,325778.0,1.0,1,3,1.0,5.893237590789795,3,1.0,2.1777548789978027,3,1.0,1.3467788696289062,3,1.0,0.6397113800048828
1472,3,1479770.0,1.0,1,2,1.0,5.893237590789795,2,1.0,2.1777548789978027,2,1.0,1.3467788696289062,2,1.0,0.6397113800048828
1473,2,34709.0,1.0,1,1,1.0,5.893237590789795,1,1.0,2.1777548789978027,1,1.0,1.3467788696289062,1,1.0,0.6397113800048828
1474,3,45530.0,1.0,1,0,2.6024686477345105,5.893237590789795,3,1.0,2.1777548789978027,0,2.6024686477345105,1.3467788696289062,0,2.6024686477345105,0.6397113800048828
1475,4,92547.0,1.0,1,5,1.0,5.893237590789795,5,1.0,2.1777548789978027,5,1.0,1.3467788696289062,5,1.0,0.6397113800048828
1476,2,13.0,247.21428571428572,0,0,247.21428571428572,5.893237590789795,0,247.21428571428572,2.1777548789978027,0,247.21428571428572,1.3467788696289062,0,247.21428571428572,0.6397113800048828
1477,4,12741.0,1.0,1,5,1.0,5.893237590789795,5,1.0,2.1777548789978027,5,1.0,1.3467788696289062,5,1.0,0.6397113800048828
1478,4,2331827.0,1.0,1,2,1.0,5.893237590789795,2,1.0,2.1777548789978027,2,1.0,1.3467788696289062,2,1.0,0.6397113800048828
1479,5,38783.0,1.0,1,4,1.0,5.893237590789795,4,1.0,2.1777548789978027,4,1.0,1.3467788696289062,4,1.0,0.6397113800048828
1480,2,0.0,1.0,1,0,1.0,5.893237590789795,0,1.0,2.1777548789978027,0,1.0,1.3467788696289062,0,1.0,0.6397113800048828
1481,4,803167.0,1.0,1,3,1.0,5.893237590789795,3,1.0,2.1777548789978027,3,1.0,1.3467788696289062,3,1.0,0.6397113800048828
1482,3,20148.0,1.0,1,3,1.0,5.893237590789795,3,1.0,2.1777548789978027,3,1.0,1.3467788696289062,3,1.0,0.6397113800048828
1483,4,96167.0,1.0,1,5,1.0,5.893237590789795,5,1.0,2.1777548789978027,5,1.0,1.3467788696289062,5,1.0,0.6397113800048828
1484,4,2929117.0,1.0,1,2,1.0,5.893237590789795,2,1.0,2.1777548789978027,2,1.0,1.3467788696289062,2,1.0,0.6397113800048828
1485,3,197409.0,1.0,1,0,1.0,5.893237590789795,0,1.0,2.1777548789978027,0,1.0,1.3467788696289062,0,1.0,0.6397113800048828
1486,2,0.0,1.0,1,0,1.0,5.893237590789795,0,1.0,2.1777548789978027,0,1.0,1.3467788696289062,0,1.0,0.6397113800048828
1487,2,83766.0,1.0,1,0,4.74907779913331,5.893237590789795,1,1.0,2.1777548789978027,0,4.74907779913331,1.3467788696289062,0,4.74907779913331,0.6397113800048828
1488,4,12741.0,1.0,1,5,1.0,5.893237590789795,5,1.0,2.1777548789978027,5,1.0,1.3467788696289062,5,1.0,0.6397113800048828
1489,2,1224703.0,1.0,1,0,1.0,5.893237590789795,0,1.0,2.1777548789978027,0,1.0,1.3467788696289062,0,1.0,0.6397113800048828
1490,4,4996653.0,1.0,1,4,1.0,5.893237590789795,4,1.0,2.1777548789978027,4,1.0,1.3467788696289062,4,1.0,0.6397113800048828
1491,5,125132.0,2.2266388562569426,0,5,1.0,5.893237590789795,5,1.0,2.1777548789978027,5,1.0,1.3467788696289062,5,1.0,0.6397113800048828
1492,5,899792.0,1.0,1,0,1.0252958180381488,5.893237590789795,0,1.0252958180381488,2.1777548789978027,0,1.0252958180381488,1.3467788696289062,0,1.0252958180381488,0.6397113800048828
1493,4,1884.0,1.0,1,4,1.0,5.893237590789795,4,1.0,2.1777548789978027,4,1.0,1.3467788696289062,4,1.0,0.6397113800048828
1494,3,204621.0,1.0,1,2,1.0,5.893237590789795,0,1.2103195159855733,2.1777548789978027,2,1.0,1.3467788696289062,2,1.0,0.6397113800048828
1495,4,462012.0,1.0972115503243416,0,4,1.4039626590593772,5.893237590789795,3,1.0,2.1777548789978027,3,1.0,1.3467788696289062,3,1.0,0.6397113800048828
1496,4,2972953.0,1.3166180842354103,0,4,1.0,5.893237590789795,2,1.3166180842354103,2.1777548789978027,4,1.0,1.3467788696289062,2,1.3166180842354103,0.6397113800048828
1497,3,7.0,1.0,1,2,2250.875,5.893237590789795,3,1.0,2.1777548789978027,2,2250.875,1.3467788696289062,3,1.0,0.6397113800048828
1498,2,81190.0,1.0,1,1,1.0,5.893237590789795,1,1.0,2.1777548789978027,1,1.0,1.3467788696289062,1,1.0,0.6397113800048828
1499,5,751529.0,1.0,1,3,1.0,5.893237590789795,3,1.0,2.1777548789978027,3,1.0,1.3467788696289062,3,1.0,0.6397113800048828
